"Year","Variable","Value","Type"
1990,"Ind_Coal_and_coal_products",61881,"Actual"
1990,"Ind_Natural_gas",80811,"Actual"
1990,"Ind_Biofuels_and_waste",303274,"Actual"
1990,"Ind_Electricity",52354,"Actual"
1990,"Ind_Oil_and_oil_products",231873,"Actual"
1990,"RT_Oil_products",257809,"Actual"
1990,"RT_Natural_gas",224,"Actual"
1990,"RT_Biofuels_and_waste",525585,"Actual"
1990,"RT_Electricity",32756,"Actual"
1990,"Kom_Oil_products",13406,"Actual"
1990,"Kom_Natural_gas",530,"Actual"
1990,"Kom_Biofuels_and_waste",2727,"Actual"
1990,"Kom_Electricity",16725,"Actual"
1991,"Ind_Coal_and_coal_products",67563,"Actual"
1991,"Ind_Natural_gas",65717,"Actual"
1991,"Ind_Biofuels_and_waste",314200,"Actual"
1991,"Ind_Electricity",57693,"Actual"
1991,"Ind_Oil_and_oil_products",234142,"Actual"
1991,"RT_Oil_products",265171,"Actual"
1991,"RT_Natural_gas",230,"Actual"
1991,"RT_Biofuels_and_waste",523776,"Actual"
1991,"RT_Electricity",37173,"Actual"
1991,"Kom_Oil_products",16507,"Actual"
1991,"Kom_Natural_gas",593,"Actual"
1991,"Kom_Biofuels_and_waste",4002,"Actual"
1991,"Kom_Electricity",18468,"Actual"
1992,"Ind_Coal_and_coal_products",72705,"Actual"
1992,"Ind_Natural_gas",70786,"Actual"
1992,"Ind_Biofuels_and_waste",322533,"Actual"
1992,"Ind_Electricity",63918,"Actual"
1992,"Ind_Oil_and_oil_products",243716,"Actual"
1992,"RT_Oil_products",276981,"Actual"
1992,"RT_Natural_gas",230,"Actual"
1992,"RT_Biofuels_and_waste",521998,"Actual"
1992,"RT_Electricity",42015,"Actual"
1992,"Kom_Oil_products",20742,"Actual"
1992,"Kom_Natural_gas",674,"Actual"
1992,"Kom_Biofuels_and_waste",5685,"Actual"
1992,"Kom_Electricity",19936,"Actual"
1993,"Ind_Coal_and_coal_products",77301,"Actual"
1993,"Ind_Natural_gas",68989,"Actual"
1993,"Ind_Biofuels_and_waste",330395,"Actual"
1993,"Ind_Electricity",70383,"Actual"
1993,"Ind_Oil_and_oil_products",279413,"Actual"
1993,"RT_Oil_products",274334,"Actual"
1993,"RT_Natural_gas",235,"Actual"
1993,"RT_Biofuels_and_waste",520978,"Actual"
1993,"RT_Electricity",47465,"Actual"
1993,"Kom_Oil_products",26023,"Actual"
1993,"Kom_Natural_gas",755,"Actual"
1993,"Kom_Biofuels_and_waste",7681,"Actual"
1993,"Kom_Electricity",22410,"Actual"
1994,"Ind_Coal_and_coal_products",82752,"Actual"
1994,"Ind_Natural_gas",107559,"Actual"
1994,"Ind_Biofuels_and_waste",338427,"Actual"
1994,"Ind_Electricity",80874,"Actual"
1994,"Ind_Oil_and_oil_products",319465,"Actual"
1994,"RT_Oil_products",281041,"Actual"
1994,"RT_Natural_gas",282,"Actual"
1994,"RT_Biofuels_and_waste",516284,"Actual"
1994,"RT_Electricity",54583,"Actual"
1994,"Kom_Oil_products",28380,"Actual"
1994,"Kom_Natural_gas",990,"Actual"
1994,"Kom_Biofuels_and_waste",8543,"Actual"
1994,"Kom_Electricity",25351,"Actual"
1995,"Ind_Coal_and_coal_products",89431,"Actual"
1995,"Ind_Natural_gas",113142,"Actual"
1995,"Ind_Biofuels_and_waste",342704,"Actual"
1995,"Ind_Electricity",89002,"Actual"
1995,"Ind_Oil_and_oil_products",428311,"Actual"
1995,"RT_Oil_products",298626,"Actual"
1995,"RT_Natural_gas",333,"Actual"
1995,"RT_Biofuels_and_waste",513134,"Actual"
1995,"RT_Electricity",65232,"Actual"
1995,"Kom_Oil_products",36247,"Actual"
1995,"Kom_Natural_gas",990,"Actual"
1995,"Kom_Biofuels_and_waste",9334,"Actual"
1995,"Kom_Electricity",24861,"Actual"
1996,"Ind_Coal_and_coal_products",83029,"Actual"
1996,"Ind_Natural_gas",105474,"Actual"
1996,"Ind_Biofuels_and_waste",346791,"Actual"
1996,"Ind_Electricity",100616,"Actual"
1996,"Ind_Oil_and_oil_products",444160,"Actual"
1996,"RT_Oil_products",316554,"Actual"
1996,"RT_Natural_gas",391,"Actual"
1996,"RT_Biofuels_and_waste",509528,"Actual"
1996,"RT_Electricity",70383,"Actual"
1996,"Kom_Oil_products",39007,"Actual"
1996,"Kom_Natural_gas",1117,"Actual"
1996,"Kom_Biofuels_and_waste",10234,"Actual"
1996,"Kom_Electricity",33955,"Actual"
1997,"Ind_Coal_and_coal_products",86727,"Actual"
1997,"Ind_Natural_gas",135167,"Actual"
1997,"Ind_Biofuels_and_waste",350718,"Actual"
1997,"Ind_Electricity",113187,"Actual"
1997,"Ind_Oil_and_oil_products",470639,"Actual"
1997,"RT_Oil_products",321015,"Actual"
1997,"RT_Natural_gas",426,"Actual"
1997,"RT_Biofuels_and_waste",497945,"Actual"
1997,"RT_Electricity",81777,"Actual"
1997,"Kom_Oil_products",40268,"Actual"
1997,"Kom_Natural_gas",1197,"Actual"
1997,"Kom_Biofuels_and_waste",10826,"Actual"
1997,"Kom_Electricity",37105,"Actual"
1998,"Ind_Coal_and_coal_products",95346,"Actual"
1998,"Ind_Natural_gas",103354,"Actual"
1998,"Ind_Biofuels_and_waste",354359,"Actual"
1998,"Ind_Electricity",100746,"Actual"
1998,"Ind_Oil_and_oil_products",438361,"Actual"
1998,"RT_Oil_products",332682,"Actual"
1998,"RT_Natural_gas",437,"Actual"
1998,"RT_Biofuels_and_waste",485212,"Actual"
1998,"RT_Electricity",89481,"Actual"
1998,"Kom_Oil_products",39359,"Actual"
1998,"Kom_Natural_gas",1071,"Actual"
1998,"Kom_Biofuels_and_waste",8970,"Actual"
1998,"Kom_Electricity",44712,"Actual"
1999,"Ind_Coal_and_coal_products",143203,"Actual"
1999,"Ind_Natural_gas",185030,"Actual"
1999,"Ind_Biofuels_and_waste",357998,"Actual"
1999,"Ind_Electricity",112816,"Actual"
1999,"Ind_Oil_and_oil_products",497496,"Actual"
1999,"RT_Oil_products",392723,"Actual"
1999,"RT_Natural_gas",426,"Actual"
1999,"RT_Biofuels_and_waste",475180,"Actual"
1999,"RT_Electricity",96789,"Actual"
1999,"Kom_Oil_products",44391,"Actual"
1999,"Kom_Natural_gas",1117,"Actual"
1999,"Kom_Biofuels_and_waste",8919,"Actual"
1999,"Kom_Electricity",47199,"Actual"
2000,"Ind_Coal_and_coal_products",190475,"Actual"
2000,"Ind_Natural_gas",217493,"Actual"
2000,"Ind_Biofuels_and_waste",360837,"Actual"
2000,"Ind_Electricity",122446,"Actual"
2000,"Ind_Oil_and_oil_products",366133,"Actual"
2000,"RT_Oil_products",412535,"Actual"
2000,"RT_Natural_gas",472,"Actual"
2000,"RT_Biofuels_and_waste",474030,"Actual"
2000,"RT_Electricity",102211,"Actual"
2000,"Kom_Oil_products",58286,"Actual"
2000,"Kom_Natural_gas",1169,"Actual"
2000,"Kom_Biofuels_and_waste",8883,"Actual"
2000,"Kom_Electricity",52516,"Actual"
2001,"Ind_Coal_and_coal_products",195588,"Actual"
2001,"Ind_Natural_gas",275905,"Actual"
2001,"Ind_Biofuels_and_waste",336115,"Actual"
2001,"Ind_Electricity",128134,"Actual"
2001,"Ind_Oil_and_oil_products",372571,"Actual"
2001,"RT_Oil_products",408516,"Actual"
2001,"RT_Natural_gas",513,"Actual"
2001,"RT_Biofuels_and_waste",471845,"Actual"
2001,"RT_Electricity",112424,"Actual"
2001,"Kom_Oil_products",59227,"Actual"
2001,"Kom_Natural_gas",1187,"Actual"
2001,"Kom_Biofuels_and_waste",8834,"Actual"
2001,"Kom_Electricity",56113,"Actual"
2002,"Ind_Coal_and_coal_products",204394,"Actual"
2002,"Ind_Natural_gas",264199,"Actual"
2002,"Ind_Biofuels_and_waste",317150,"Actual"
2002,"Ind_Electricity",132580,"Actual"
2002,"Ind_Oil_and_oil_products",328568,"Actual"
2002,"RT_Oil_products",391255,"Actual"
2002,"RT_Natural_gas",553,"Actual"
2002,"RT_Biofuels_and_waste",470085,"Actual"
2002,"RT_Electricity",114624,"Actual"
2002,"Kom_Oil_products",58456,"Actual"
2002,"Kom_Natural_gas",1204,"Actual"
2002,"Kom_Biofuels_and_waste",8790,"Actual"
2002,"Kom_Electricity",58550,"Actual"
2003,"Ind_Coal_and_coal_products",359027,"Actual"
2003,"Ind_Natural_gas",254705,"Actual"
2003,"Ind_Biofuels_and_waste",302828,"Actual"
2003,"Ind_Electricity",131389,"Actual"
2003,"Ind_Oil_and_oil_products",346413,"Actual"
2003,"RT_Oil_products",397080,"Actual"
2003,"RT_Natural_gas",582,"Actual"
2003,"RT_Biofuels_and_waste",469384,"Actual"
2003,"RT_Electricity",120859,"Actual"
2003,"Kom_Oil_products",55531,"Actual"
2003,"Kom_Natural_gas",1221,"Actual"
2003,"Kom_Biofuels_and_waste",8748,"Actual"
2003,"Kom_Electricity",65487,"Actual"
2004,"Ind_Coal_and_coal_products",291407,"Actual"
2004,"Ind_Natural_gas",297867,"Actual"
2004,"Ind_Biofuels_and_waste",281942,"Actual"
2004,"Ind_Electricity",138916,"Actual"
2004,"Ind_Oil_and_oil_products",476686,"Actual"
2004,"RT_Oil_products",398701,"Actual"
2004,"RT_Natural_gas",685,"Actual"
2004,"RT_Biofuels_and_waste",464620,"Actual"
2004,"RT_Electricity",137019,"Actual"
2004,"Kom_Oil_products",62057,"Actual"
2004,"Kom_Natural_gas",1221,"Actual"
2004,"Kom_Biofuels_and_waste",8704,"Actual"
2004,"Kom_Electricity",76265,"Actual"
2005,"Ind_Coal_and_coal_products",346333,"Actual"
2005,"Ind_Natural_gas",297867,"Actual"
2005,"Ind_Biofuels_and_waste",262750,"Actual"
2005,"Ind_Electricity",153774,"Actual"
2005,"Ind_Oil_and_oil_products",421087,"Actual"
2005,"RT_Oil_products",379757,"Actual"
2005,"RT_Natural_gas",685,"Actual"
2005,"RT_Biofuels_and_waste",460916,"Actual"
2005,"RT_Electricity",141040,"Actual"
2005,"Kom_Oil_products",58990,"Actual"
2005,"Kom_Natural_gas",1221,"Actual"
2005,"Kom_Biofuels_and_waste",8660,"Actual"
2005,"Kom_Electricity",84769,"Actual"
2006,"Ind_Coal_and_coal_products",468790,"Actual"
2006,"Ind_Natural_gas",540594,"Actual"
2006,"Ind_Biofuels_and_waste",285557,"Actual"
2006,"Ind_Electricity",158137,"Actual"
2006,"Ind_Oil_and_oil_products",393700,"Actual"
2006,"RT_Oil_products",342689,"Actual"
2006,"RT_Natural_gas",737,"Actual"
2006,"RT_Biofuels_and_waste",453348,"Actual"
2006,"RT_Electricity",150440,"Actual"
2006,"Kom_Oil_products",52216,"Actual"
2006,"Kom_Natural_gas",1187,"Actual"
2006,"Kom_Biofuels_and_waste",8620,"Actual"
2006,"Kom_Electricity",91515,"Actual"
2007,"Ind_Coal_and_coal_products",640546,"Actual"
2007,"Ind_Natural_gas",315922,"Actual"
2007,"Ind_Biofuels_and_waste",269473,"Actual"
2007,"Ind_Electricity",165387,"Actual"
2007,"Ind_Oil_and_oil_products",426585,"Actual"
2007,"RT_Oil_products",347913,"Actual"
2007,"RT_Natural_gas",760,"Actual"
2007,"RT_Biofuels_and_waste",442995,"Actual"
2007,"RT_Electricity",162277,"Actual"
2007,"Kom_Oil_products",48231,"Actual"
2007,"Kom_Natural_gas",1578,"Actual"
2007,"Kom_Biofuels_and_waste",8576,"Actual"
2007,"Kom_Electricity",101538,"Actual"
2008,"Ind_Coal_and_coal_products",395004,"Actual"
2008,"Ind_Natural_gas",385885,"Actual"
2008,"Ind_Biofuels_and_waste",270623,"Actual"
2008,"Ind_Electricity",172407,"Actual"
2008,"Ind_Oil_and_oil_products",427096,"Actual"
2008,"RT_Oil_products",316070,"Actual"
2008,"RT_Natural_gas",755,"Actual"
2008,"RT_Biofuels_and_waste",432517,"Actual"
2008,"RT_Electricity",171424,"Actual"
2008,"Kom_Oil_products",43412,"Actual"
2008,"Kom_Natural_gas",2056,"Actual"
2008,"Kom_Biofuels_and_waste",8534,"Actual"
2008,"Kom_Electricity",110937,"Actual"
2009,"Ind_Coal_and_coal_products",435252,"Actual"
2009,"Ind_Natural_gas",476522,"Actual"
2009,"Ind_Biofuels_and_waste",272372,"Actual"
2009,"Ind_Electricity",168152,"Actual"
2009,"Ind_Oil_and_oil_products",423466,"Actual"
2009,"RT_Oil_products",271973,"Actual"
2009,"RT_Natural_gas",748,"Actual"
2009,"RT_Biofuels_and_waste",400156,"Actual"
2009,"RT_Electricity",191340,"Actual"
2009,"Kom_Oil_products",39935,"Actual"
2009,"Kom_Natural_gas",4205,"Actual"
2009,"Kom_Biofuels_and_waste",8491,"Actual"
2009,"Kom_Electricity",121672,"Actual"
2010,"Ind_Coal_and_coal_products",247461,"Actual"
2010,"Ind_Natural_gas",493895,"Actual"
2010,"Ind_Biofuels_and_waste",265007,"Actual"
2010,"Ind_Electricity",209720,"Actual"
2010,"Ind_Oil_and_oil_products",393998,"Actual"
2010,"RT_Oil_products",255301,"Actual"
2010,"RT_Natural_gas",777,"Actual"
2010,"RT_Biofuels_and_waste",396645,"Actual"
2010,"RT_Electricity",206884,"Actual"
2010,"Kom_Oil_products",33182,"Actual"
2010,"Kom_Natural_gas",5547,"Actual"
2010,"Kom_Biofuels_and_waste",8449,"Actual"
2010,"Kom_Electricity",131353,"Actual"
2011,"Ind_Coal_and_coal_products",257430,"Actual"
2011,"Ind_Natural_gas",533508,"Actual"
2011,"Ind_Biofuels_and_waste",267497,"Actual"
2011,"Ind_Electricity",223186,"Actual"
2011,"Ind_Oil_and_oil_products",447595,"Actual"
2011,"RT_Oil_products",256499,"Actual"
2011,"RT_Natural_gas",657,"Actual"
2011,"RT_Biofuels_and_waste",378911,"Actual"
2011,"RT_Electricity",225748,"Actual"
2011,"Kom_Oil_products",39398,"Actual"
2011,"Kom_Natural_gas",7432,"Actual"
2011,"Kom_Biofuels_and_waste",8406,"Actual"
2011,"Kom_Electricity",137358,"Actual"
2012,"Ind_Coal_and_coal_products",268466,"Actual"
2012,"Ind_Natural_gas",550757,"Actual"
2012,"Ind_Biofuels_and_waste",261428,"Actual"
2012,"Ind_Electricity",242806,"Actual"
2012,"Ind_Oil_and_oil_products",463174,"Actual"
2012,"RT_Oil_products",270310,"Actual"
2012,"RT_Natural_gas",772,"Actual"
2012,"RT_Biofuels_and_waste",344755,"Actual"
2012,"RT_Electricity",251010,"Actual"
2012,"Kom_Oil_products",48798,"Actual"
2012,"Kom_Natural_gas",9361,"Actual"
2012,"Kom_Biofuels_and_waste",8362,"Actual"
2012,"Kom_Electricity",150055,"Actual"
2013,"Ind_Coal_and_coal_products",309411,"Actual"
2013,"Ind_Natural_gas",527094,"Actual"
2013,"Ind_Biofuels_and_waste",271627,"Actual"
2013,"Ind_Electricity",259483,"Actual"
2013,"Ind_Oil_and_oil_products",396756,"Actual"
2013,"RT_Oil_products",292744,"Actual"
2013,"RT_Natural_gas",212,"Actual"
2013,"RT_Biofuels_and_waste",310421,"Actual"
2013,"RT_Electricity",269352,"Actual"
2013,"Kom_Oil_products",47124,"Actual"
2013,"Kom_Natural_gas",7827,"Actual"
2013,"Kom_Biofuels_and_waste",8320,"Actual"
2013,"Kom_Electricity",165416,"Actual"
2014,"Ind_Coal_and_coal_products",267400,"Actual"
2014,"Ind_Natural_gas",513761,"Actual"
2014,"Ind_Biofuels_and_waste",276453,"Actual"
2014,"Ind_Electricity",273260,"Actual"
2014,"Ind_Oil_and_oil_products",438853,"Actual"
2014,"RT_Oil_products",305982,"Actual"
2014,"RT_Natural_gas",542,"Actual"
2014,"RT_Biofuels_and_waste",290264,"Actual"
2014,"RT_Electricity",294274,"Actual"
2014,"Kom_Oil_products",43576,"Actual"
2014,"Kom_Natural_gas",7967,"Actual"
2014,"Kom_Biofuels_and_waste",8276,"Actual"
2014,"Kom_Electricity",174985,"Actual"
2015,"Ind_Coal_and_coal_products",290178,"Actual"
2015,"Ind_Natural_gas",518277,"Actual"
2015,"Ind_Biofuels_and_waste",274251,"Actual"
2015,"Ind_Electricity",276017,"Actual"
2015,"Ind_Oil_and_oil_products",512643,"Actual"
2015,"RT_Oil_products",312672,"Actual"
2015,"RT_Natural_gas",851,"Actual"
2015,"RT_Biofuels_and_waste",239632,"Actual"
2015,"RT_Electricity",310669,"Actual"
2015,"Kom_Oil_products",33339,"Actual"
2015,"Kom_Natural_gas",7901,"Actual"
2015,"Kom_Biofuels_and_waste",8235,"Actual"
2015,"Kom_Electricity",180302,"Actual"
2016,"Ind_Coal_and_coal_products",348935,"Actual"
2016,"Ind_Natural_gas",503909,"Actual"
2016,"Ind_Biofuels_and_waste",269044,"Actual"
2016,"Ind_Electricity",296804,"Actual"
2016,"Ind_Oil_and_oil_products",307443,"Actual"
2016,"RT_Oil_products",319565,"Actual"
2016,"RT_Natural_gas",912,"Actual"
2016,"RT_Biofuels_and_waste",214754,"Actual"
2016,"RT_Electricity",328276,"Actual"
2016,"Kom_Oil_products",31761,"Actual"
2016,"Kom_Natural_gas",7005,"Actual"
2016,"Kom_Biofuels_and_waste",8198,"Actual"
2016,"Kom_Electricity",195206,"Actual"
2017,"Ind_Coal_and_coal_products",398688,"Actual"
2017,"Ind_Natural_gas",586767,"Actual"
2017,"Ind_Biofuels_and_waste",271265,"Actual"
2017,"Ind_Electricity",331040,"Actual"
2017,"Ind_Oil_and_oil_products",339181,"Actual"
2017,"RT_Oil_products",344882,"Actual"
2017,"RT_Natural_gas",1348,"Actual"
2017,"RT_Biofuels_and_waste",175725,"Actual"
2017,"RT_Electricity",331271,"Actual"
2017,"Kom_Oil_products",30265,"Actual"
2017,"Kom_Natural_gas",6630,"Actual"
2017,"Kom_Biofuels_and_waste",8155,"Actual"
2017,"Kom_Electricity",203176,"Actual"
2018,"Ind_Coal_and_coal_products",493009,"Actual"
2018,"Ind_Natural_gas",642323,"Actual"
2018,"Ind_Biofuels_and_waste",264145,"Actual"
2018,"Ind_Electricity",441381,"Actual"
2018,"Ind_Oil_and_oil_products",306662,"Actual"
2018,"RT_Oil_products",361293,"Actual"
2018,"RT_Natural_gas",1318,"Actual"
2018,"RT_Biofuels_and_waste",167621,"Actual"
2018,"RT_Electricity",376353,"Actual"
2018,"Kom_Oil_products",25533,"Actual"
2018,"Kom_Natural_gas",6669,"Actual"
2018,"Kom_Biofuels_and_waste",8112,"Actual"
2018,"Kom_Electricity",223399,"Actual"
2019,"Ind_Coal_and_coal_products",549263,"Actual"
2019,"Ind_Natural_gas",616539,"Actual"
2019,"Ind_Biofuels_and_waste",276763,"Actual"
2019,"Ind_Electricity",461279,"Actual"
2019,"Ind_Oil_and_oil_products",253290,"Actual"
2019,"RT_Oil_products",370051,"Actual"
2019,"RT_Natural_gas",2213,"Actual"
2019,"RT_Biofuels_and_waste",145831,"Actual"
2019,"RT_Electricity",378178,"Actual"
2019,"Kom_Oil_products",20057,"Actual"
2019,"Kom_Natural_gas",6795,"Actual"
2019,"Kom_Biofuels_and_waste",10169,"Actual"
2019,"Kom_Electricity",235158,"Actual"
2020,"Ind_Coal_and_coal_products",521555,"Actual"
2020,"Ind_Natural_gas",580850,"Actual"
2020,"Ind_Biofuels_and_waste",338226,"Actual"
2020,"Ind_Electricity",473942,"Actual"
2020,"Ind_Oil_and_oil_products",261072,"Actual"
2020,"RT_Oil_products",379943,"Actual"
2020,"RT_Natural_gas",2436,"Actual"
2020,"RT_Biofuels_and_waste",131008,"Actual"
2020,"RT_Electricity",433219,"Actual"
2020,"Kom_Oil_products",19647,"Actual"
2020,"Kom_Natural_gas",4031,"Actual"
2020,"Kom_Biofuels_and_waste",10782,"Actual"
2020,"Kom_Electricity",218114,"Actual"
2021,"Ind_Coal_and_coal_products",535271,"Actual"
2021,"Ind_Natural_gas",602483,"Actual"
2021,"Ind_Biofuels_and_waste",348192,"Actual"
2021,"Ind_Electricity",554567,"Actual"
2021,"Ind_Oil_and_oil_products",249178,"Actual"
2021,"RT_Oil_products",395061,"Actual"
2021,"RT_Natural_gas",3039,"Actual"
2021,"RT_Biofuels_and_waste",125294,"Actual"
2021,"RT_Electricity",421887,"Actual"
2021,"Kom_Oil_products",21919,"Actual"
2021,"Kom_Natural_gas",3862,"Actual"
2021,"Kom_Biofuels_and_waste",11038,"Actual"
2021,"Kom_Electricity",225859,"Actual"
2022,"Ind_Coal_and_coal_products",622683,"Actual"
2022,"Ind_Natural_gas",580868,"Actual"
2022,"Ind_Biofuels_and_waste",351601,"Actual"
2022,"Ind_Electricity",655694,"Actual"
2022,"Ind_Oil_and_oil_products",289652,"Actual"
2022,"RT_Oil_products",403739,"Actual"
2022,"RT_Natural_gas",4013,"Actual"
2022,"RT_Biofuels_and_waste",110768,"Actual"
2022,"RT_Electricity",428409,"Actual"
2022,"Kom_Oil_products",21195,"Actual"
2022,"Kom_Natural_gas",4248,"Actual"
2022,"Kom_Biofuels_and_waste",11373,"Actual"
2022,"Kom_Electricity",258357,"Actual"
2023,"Ind_Coal_and_coal_products",723422,"Actual"
2023,"Ind_Natural_gas",656281,"Actual"
2023,"Ind_Biofuels_and_waste",355785,"Actual"
2023,"Ind_Electricity",730823,"Actual"
2023,"Ind_Oil_and_oil_products",254161,"Actual"
2023,"RT_Oil_products",410428,"Actual"
2023,"RT_Natural_gas",5796,"Actual"
2023,"RT_Biofuels_and_waste",100362,"Actual"
2023,"RT_Electricity",452603,"Actual"
2023,"Kom_Oil_products",21227,"Actual"
2023,"Kom_Natural_gas",2012,"Actual"
2023,"Kom_Biofuels_and_waste",11938,"Actual"
2023,"Kom_Electricity",289429,"Actual"
2024,"Ind_Coal_and_coal_products",929690.479528197,"Forecast"
2024,"Ind_Natural_gas",637757.56647,"Forecast"
2024,"Ind_Biofuels_and_waste",372490.414865886,"Forecast"
2024,"Ind_Electricity",789962.18268094,"Forecast"
2024,"Ind_Oil_and_oil_products",184645.994542482,"Forecast"
2024,"RT_Oil_products",443024.428209899,"Forecast"
2024,"RT_Natural_gas",8068.95253769301,"Forecast"
2024,"RT_Biofuels_and_waste",104394.49516436,"Forecast"
2024,"RT_Electricity",475550.897840191,"Forecast"
2024,"Kom_Oil_products",20179.134304456,"Forecast"
2024,"Kom_Natural_gas",0,"Forecast"
2024,"Kom_Biofuels_and_waste",12965.6963194551,"Forecast"
2024,"Kom_Electricity",299325.937899688,"Forecast"
2025,"Ind_Coal_and_coal_products",1185883.98855239,"Forecast"
2025,"Ind_Natural_gas",675325.241370689,"Forecast"
2025,"Ind_Biofuels_and_waste",385330.078914322,"Forecast"
2025,"Ind_Electricity",885049.578285509,"Forecast"
2025,"Ind_Oil_and_oil_products",145147.361726291,"Forecast"
2025,"RT_Oil_products",469350.622243406,"Forecast"
2025,"RT_Natural_gas",11022.0039522045,"Forecast"
2025,"RT_Biofuels_and_waste",130180.187763564,"Forecast"
2025,"RT_Electricity",493512.940586481,"Forecast"
2025,"Kom_Oil_products",18170.6054963033,"Forecast"
2025,"Kom_Natural_gas",0,"Forecast"
2025,"Kom_Biofuels_and_waste",13895.0607534471,"Forecast"
2025,"Kom_Electricity",304708.183921243,"Forecast"
2026,"Ind_Coal_and_coal_products",1604905.2021341,"Forecast"
2026,"Ind_Natural_gas",636813.182318861,"Forecast"
2026,"Ind_Biofuels_and_waste",368668.479861963,"Forecast"
2026,"Ind_Electricity",999007.644277482,"Forecast"
2026,"Ind_Oil_and_oil_products",127069.654455945,"Forecast"
2026,"RT_Oil_products",480409.816250978,"Forecast"
2026,"RT_Natural_gas",14744.3657629184,"Forecast"
2026,"RT_Biofuels_and_waste",153725.232387417,"Forecast"
2026,"RT_Electricity",498877.995086151,"Forecast"
2026,"Kom_Oil_products",7927.40290749137,"Forecast"
2026,"Kom_Natural_gas",0,"Forecast"
2026,"Kom_Biofuels_and_waste",14839.3842041274,"Forecast"
2026,"Kom_Electricity",322288.76121934,"Forecast"
2027,"Ind_Coal_and_coal_products",2060070.04688486,"Forecast"
2027,"Ind_Natural_gas",614265.610365609,"Forecast"
2027,"Ind_Biofuels_and_waste",349217.258866927,"Forecast"
2027,"Ind_Electricity",1109222.89886538,"Forecast"
2027,"Ind_Oil_and_oil_products",53155.8701553974,"Forecast"
2027,"RT_Oil_products",480397.73306513,"Forecast"
2027,"RT_Natural_gas",19175.2665083069,"Forecast"
2027,"RT_Biofuels_and_waste",184003.768293795,"Forecast"
2027,"RT_Electricity",509158.601780035,"Forecast"
2027,"Kom_Oil_products",0,"Forecast"
2027,"Kom_Natural_gas",0,"Forecast"
2027,"Kom_Biofuels_and_waste",15696.0812170838,"Forecast"
2027,"Kom_Electricity",343776.562722284,"Forecast"
2028,"Ind_Coal_and_coal_products",2665404.43920287,"Forecast"
2028,"Ind_Natural_gas",589133.533672589,"Forecast"
2028,"Ind_Biofuels_and_waste",326036.387949078,"Forecast"
2028,"Ind_Electricity",1219094.31957437,"Forecast"
2028,"Ind_Oil_and_oil_products",0,"Forecast"
2028,"RT_Oil_products",494399.681180451,"Forecast"
2028,"RT_Natural_gas",24391.2693631998,"Forecast"
2028,"RT_Biofuels_and_waste",217264.222289547,"Forecast"
2028,"RT_Electricity",513945.88951041,"Forecast"
2028,"Kom_Oil_products",0,"Forecast"
2028,"Kom_Natural_gas",0,"Forecast"
2028,"Kom_Biofuels_and_waste",16386.5763943887,"Forecast"
2028,"Kom_Electricity",358139.531639855,"Forecast"
2029,"Ind_Coal_and_coal_products",3350279.81230429,"Forecast"
2029,"Ind_Natural_gas",576210.371145628,"Forecast"
2029,"Ind_Biofuels_and_waste",288140.249656287,"Forecast"
2029,"Ind_Electricity",1369755.78206501,"Forecast"
2029,"Ind_Oil_and_oil_products",0,"Forecast"
2029,"RT_Oil_products",514174.290132208,"Forecast"
2029,"RT_Natural_gas",30394.4501658117,"Forecast"
2029,"RT_Biofuels_and_waste",262199.384634717,"Forecast"
2029,"RT_Electricity",513746.929827307,"Forecast"
2029,"Kom_Oil_products",0,"Forecast"
2029,"Kom_Natural_gas",0,"Forecast"
2029,"Kom_Biofuels_and_waste",16849.1963851417,"Forecast"
2029,"Kom_Electricity",375252.016112037,"Forecast"
2030,"Ind_Coal_and_coal_products",4198366.66461518,"Forecast"
2030,"Ind_Natural_gas",560215.049844429,"Forecast"
2030,"Ind_Biofuels_and_waste",234627.122788909,"Forecast"
2030,"Ind_Electricity",1541873.11378215,"Forecast"
2030,"Ind_Oil_and_oil_products",0,"Forecast"
2030,"RT_Oil_products",526993.12759147,"Forecast"
2030,"RT_Natural_gas",37334.5243670742,"Forecast"
2030,"RT_Biofuels_and_waste",311454.949853681,"Forecast"
2030,"RT_Electricity",503557.063605935,"Forecast"
2030,"Kom_Oil_products",0,"Forecast"
2030,"Kom_Natural_gas",0,"Forecast"
2030,"Kom_Biofuels_and_waste",17517.1283354267,"Forecast"
2030,"Kom_Electricity",400235.472691824,"Forecast"
