,Ind_Biomass,Ind_Coal,Ind_Geothermal,Ind_Briquette,Ind_Gas,Ind_Kerosene,Ind_Gasoil CN 48,Ind_MDF,Ind_BioGasoil,Ind_Fuel Oil,Ind_Total Fuel,Ind_Other Petroleum Product,Ind_LPG,Ind_Electricity,Ind_Total,RT_Biomass,RT_Gas,RT_Kerosene,RT_LPG,RT_Electricity,RT_Total,Kom_Biomass,Kom_Gas,Kom_Kerosene,Kom_Gasoil CN 48,Kom_MDF,Kom_BioGasoil,Kom_Total Fuel,Kom_LPG,Kom_Electricity,Kom_Total
2000,,,,,,4219,,8008,,,,,,,292289,208610,,63216,,,296573,,,3491,,43,,,,,
2001,-3795.0,,0.0,,15035.0,4160,2287.0,7735,0.0,1099.0,3054.0,12277.0,,,300683,212323,0.0008339370116963174,62329,,,301347,-8.0,13.0,3442,330.0,42,0.0,,-119.0,,780.0
2002,-2883.0,716.0,0.0,12.0,-1353.0,3955,-1176.0,7311,0.0,-1084.0,-2343.0,-3024.0,31.823800339723732,-0.011232370596863106,299643,216465,0.0010550334185499555,59261,-0.006965935226750375,-1.265795988082509,303033,-7.0,17.0,3272,-91.0,39,0.0,-541.0,141.0,-597.0,302.0
2003,-2136.0,27889.0,0.0,-11.0,9404.0,3980,-884.0,6358,0.0,-4840.0,-7197.0,845.0,-59.133379480228086,-0.044926315486774726,323626,220377,0.00030895560088595175,59640,0.06332377480775442,0.6042000776766585,309046,-7.0,-6.0,3293,-206.0,34,0.0,71.0,-333.0,1566.0,645.0
2004,-3250.0,-42486.0,0.0,9.0,-4836.0,4012,5588.0,5862,0.0,4438.0,5685.0,14183.0,84.74392180841548,0.11205916683332262,325670,223425,0.001992105958694479,60112,-0.1268323715034647,0.5273659425442005,314115,-7.0,16.0,3319,805.0,31,0.0,1019.0,342.0,254.0,3015.0
2005,-2997.0,23320.0,0.0,11.0,1201.0,3851,-3057.0,4843,0.0,-9577.0,-9939.0,-8102.0,-38.73289587420581,-0.04999595672092383,317040,224707,0.0,57696,-0.0940652526662582,-0.19379164036406848,313772,-7.0,16.0,3186,-441.0,26,0.0,-1407.0,36.0,-477.0,823.0
2006,2756.0,12899.0,0.0,-14.0,-3432.0,3394,-4902.0,2627,0.0,537.0,-7036.0,11512.0,39.12873085459921,-0.02422465809270058,345178,228186,0.00024636999868632437,50862,0.23871562455830464,-0.06912631615777087,312716,-7.0,16.0,2809,-705.0,14,0.0,-516.0,-83.0,-229.0,-40.0
2007,-4568.0,9562.0,0.0,-5.0,-3122.0,3352,-1240.0,1422,0.0,-2298.0,-4785.0,-1253.0,-71.37641518255222,0.02183269645842678,365434,231616,0.0002314045830525968,50229,0.10320996956458828,0.4012278100155271,319333,-7.0,68.0,2774,-179.0,8,0.0,875.0,96.0,635.0,1701.0
2008,2127.0,-60730.0,0.0,71.0,10504.0,2676,-3692.0,865,0.0,13626.0,8700.0,-39873.0,12.202100808316317,-0.002725771921500808,320302,68422,-5.652322294324996e-05,40096,0.2633404782451354,-0.38870339970569034,152899,-7.0,83.0,2214,-532.0,5,0.0,-874.0,-293.0,-130.0,323.0
2009,286.0,16421.0,0.0,-1.0,-1126.0,1619,2143.0,706,0.0,-2594.0,-1667.0,0.0,-65.92495276913161,-0.08370452456211908,304791,63082,-5.739486379208181e-05,24255,0.04352215913424473,0.726357109514737,143915,-7.0,-27.0,1394,309.0,4,0.0,527.0,-15.0,-23.0,1340.0
2010,-1204.0,66350.0,0.0,-162.0,-3372.0,964,-4189.0,612,0.0,-4040.0,-8978.0,0.0,92.82447182068762,0.1359637050660485,349040,63067,0.0002784519041704181,14439,-0.23491600362347675,-0.07257438296744567,144700,-7.0,633.0,797,198.0,3,0.0,222.0,13.0,-400.0,1160.0
2011,407.0,-47889.0,0.0,95.0,5613.0,672,8837.0,710,0.0,972.0,9616.0,0.0,-16.29486952373756,-0.027673099922079558,375210,60143,-0.0013340626340936357,10072,-0.13803259622001107,0.03971068389097354,145570,-14.0,-36.0,656,471.0,3,0.0,676.0,79.0,1544.0,3115.0
2012,-992.0,-28493.0,0.0,11.0,2671.0,468,12629.0,507,0.0,-1597.0,10624.0,0.0,4.909008122302282,0.02413878161221561,369705,55139,0.0012800385172334616,7015,0.001311078239176311,0.47305662209832633,147629,-12.0,-53.0,587,1819.0,3,0.0,1418.0,18.0,-636.0,3821.0
2013,1667.0,-58813.0,0.0,-9.0,1418.0,427,-2693.0,438,0.0,-8581.0,-11385.0,0.0,12.027878937081539,-0.027385607419926572,283561,49527,-0.0007175420594663917,6396,-0.04338065747515252,-0.7705026914402566,149215,5.0,368.0,353,-388.0,2,0.0,-2371.0,130.0,-320.0,680.0
2014,-44354.0,92628.0,0.0,-72.0,-2123.0,329,-4492.0,337,0.0,-530.0,-5220.0,0.0,-2.207897128621596,-0.04411349989779367,243692,46207,-0.0018628481815419207,4929,-0.0254871715503171,0.4663794147360534,152590,-7.0,205.0,272,-647.0,2,0.0,-107.0,110.0,-464.0,1915.0
2015,75.0,2829.0,0.0,64.0,820.0,261,-12683.0,294,0.0,-1395.0,-14191.0,0.0,-4.052243942526474,-0.05157809422662396,244513,38468,0.0035681971916113886,3903,-0.057120466941297465,-0.6748204834253926,149138,-7.0,-12.0,216,-1826.0,2,0.0,-1154.0,65.0,-460.0,-963.0
2016,65.0,-21888.0,0.0,65.0,-2609.0,203,-1997.0,233,0.0,2095.0,-18.0,0.0,-0.372317378625155,0.089647603682657,237807,34387,0.00041746637457762414,3038,0.03442520562075124,-0.13662056309522086,149436,-6.0,-163.0,168,-288.0,1,0.0,1547.0,60.0,1652.0,2082.0
2017,1.0,2020.0,0.0,-57.0,15048.0,208,-2745.0,544,0.0,452.0,-1978.0,0.0,5.047686541429613,-0.00318118027404779,248751,28706,0.0005462484400128309,3114,0.008337491989774293,-0.21609050239111127,150168,-7.0,-68.0,172,-395.0,3,0.0,-53.0,124.0,-1178.0,1009.0
2018,156.0,46410.0,0.0,-71.0,10090.0,203,-6388.0,394,0.0,910.0,-5633.0,0.0,-3.2934376687262557,0.2000572301159682,308101,26622,0.0012487605394104762,3043,-0.007795779285027393,-0.6148886794614157,152810,-7.0,7.0,168,-920.0,2,0.0,-536.0,84.0,715.0,1276.0
2019,213.0,25200.0,0.0,63.0,-4683.0,192,-17418.0,314,13323.0,-3291.0,-7477.0,0.0,-2.8607177071717445,-0.2504639223630285,363535,23108,0.001651721283499663,2871,-0.032791582869142744,0.6880362270662914,153781,-6.0,23.0,159,-748.0,2,0.0,326.0,49.0,413.0,1891.0
2020,82.0,-120902.0,0.0,168.0,-6482.0,178,949.0,234,-874.0,-2214.0,-2233.0,0.0,0.4035808007220112,-0.06407673657014179,297942,19309,1.197335493496876e-05,2667,0.0028654938079100134,0.8769448428229509,158357,-7.0,-502.0,147,-1623.0,2,1793.0,598.0,-392.0,-4769.0,-2370.0
2021,672.0,28400.0,0.0,-348.0,3929.0,177,1658.0,301,1024.0,449.0,3198.0,0.0,1.6835396842735975,0.17433282636899605,286851,17749,0.000644805100339596,2657,0.03268915301167219,-1.4433311705549272,161174,-6.0,-31.0,147,239.0,2,147.0,387.0,523.0,3017.0,766.0
2022,3215.0,236967.0,4.0,188.0,-3925.0,171,-2214.0,353,1588.0,6633.0,6051.0,0.0,-2.47996697021253,0.005909867249156875,511715,17517,0.0004267661018254598,2598,-0.06334672672997499,-0.061113127096632525,162449,-7.0,71.0,141,-319.0,2,229.0,-481.0,46.0,1189.0,1872.0
2023,15928.0,-193808.0,0.0,3.0,13696.0,170,-163.0,272,802.0,-3932.0,-3374.0,0.0,-1.0131320103903647,-0.10857961851791131,556639,15605,0.00037730179941763975,2551,0.03254709213226192,0.979999083732821,167625,-6.0,-407.0,141,-24.0,1,115.0,186.0,13.0,-464.0,2419.0
2024,32695.0,8355.0,0.0,-6.0,-33279.0,175,602.0,258,780.0,767.0,2140.0,0.0,0.8325215428078252,0.013857171891006104,586240,15043,9.271305534375163e-05,2622,0.026610205394961284,1.348065410696023,175494,-7.0,171.0,145,87.0,1,112.0,112.0,64.0,7469.0,10128.0
